filepath,label,split
data/input/Fish\Cray\Cray_19.jpg,Cray,train
data/input/Fish\Discuss\Discuss_143.png,Discuss,train
data/input/Fish\Gold\Gold_118.jpg,Gold,train
data/input/Fish\Gold\Gold_135.jpg,Gold,train
data/input/Fish\Oscar\Oscar_75.jpg,Oscar,train
data/input/Fish\Bete\Bete_75.jpg,Bete,train
data/input/Fish\Guppy\Guppy_21.jpg,Guppy,train
data/input/Fish\Guppy\Guppy_88.jpg,Guppy,train
data/input/Fish\Cray\Cray_5.jpg,Cray,train
data/input/Fish\Oscar\Oscar_109.jpg,Oscar,train
data/input/Fish\Cray\Cray_64.jpg,Cray,train
data/input/Fish\Gold\Gold_181.jpg,Gold,train
data/input/Fish\Guppy\Guppy_139.jpg,Guppy,train
data/input/Fish\Discuss\Discuss_23.jpg,Discuss,train
data/input/Fish\Oscar\Oscar_12.jpg,Oscar,train
data/input/Fish\Bete\Bete_43.jpg,Bete,train
data/input/Fish\Guppy\Guppy_64.png,Guppy,train
data/input/Fish\Oscar\Oscar_119.jpg,Oscar,train
data/input/Fish\Gold\Gold_190.jpg,Gold,train
data/input/Fish\Guppy\Guppy_75.png,Guppy,train
data/input/Fish\Cray\Cray_44.jpg,Cray,train
data/input/Fish\Gold\Gold_70.jpg,Gold,train
data/input/Fish\Guppy\Guppy_61.png,Guppy,train
data/input/Fish\Guppy\Guppy_57.jpg,Guppy,train
data/input/Fish\Discuss\Discuss_160.jpg,Discuss,train
data/input/Fish\Guppy\Guppy_123.jpg,Guppy,train
data/input/Fish\Gold\Gold_194.jpg,Gold,train
data/input/Fish\Gold\Gold_121.jpg,Gold,train
data/input/Fish\Gold\Gold_92.jpg,Gold,train
data/input/Fish\Gold\Gold_62.jpg,Gold,train
data/input/Fish\Guppy\Guppy_28.jpg,Guppy,train
data/input/Fish\Oscar\Oscar_10.jpg,Oscar,train
data/input/Fish\Bete\Bete_14.jpg,Bete,train
data/input/Fish\Cray\Cray_60.jpg,Cray,train
data/input/Fish\Guppy\Guppy_67.jpg,Guppy,train
data/input/Fish\Guppy\Guppy_12.jpg,Guppy,train
data/input/Fish\Guppy\Guppy_143.jpg,Guppy,train
data/input/Fish\Gold\Gold_195.jpg,Gold,train
data/input/Fish\Gold\Gold_203.jpg,Gold,train
data/input/Fish\Oscar\Oscar_116.jpg,Oscar,train
data/input/Fish\Gold\Gold_104.jpg,Gold,train
data/input/Fish\Gold\Gold_189.jpg,Gold,train
data/input/Fish\Bete\Bete_71.jpg,Bete,train
data/input/Fish\Discuss\Discuss_98.jpg,Discuss,train
data/input/Fish\Bete\Bete_35.jpg,Bete,train
data/input/Fish\Gold\Gold_22.jpg,Gold,train
data/input/Fish\Gold\Gold_71.jpg,Gold,train
data/input/Fish\Guppy\Guppy_81.jpg,Guppy,train
data/input/Fish\Guppy\Guppy_32.jpg,Guppy,train
data/input/Fish\Oscar\Oscar_122.png,Oscar,train
data/input/Fish\Gold\Gold_42.jpg,Gold,train
data/input/Fish\Oscar\Oscar_107.jpg,Oscar,train
data/input/Fish\Discuss\Discuss_52.jpg,Discuss,train
data/input/Fish\Bete\Bete_82.jpg,Bete,train
data/input/Fish\Discuss\Discuss_158.jpg,Discuss,train
data/input/Fish\Guppy\Guppy_29.jpg,Guppy,train
data/input/Fish\Bete\Bete_44.jpg,Bete,train
data/input/Fish\Discuss\Discuss_107.jpg,Discuss,train
data/input/Fish\Oscar\Oscar_99.jpg,Oscar,train
data/input/Fish\Oscar\Oscar_69.jpg,Oscar,train
data/input/Fish\Discuss\Discuss_84.jpg,Discuss,train
data/input/Fish\Discuss\Discuss_133.jpg,Discuss,train
data/input/Fish\Gold\Gold_25.jpg,Gold,train
data/input/Fish\Discuss\Discuss_130.jpg,Discuss,train
data/input/Fish\Oscar\Oscar_126.jpg,Oscar,train
data/input/Fish\Discuss\Discuss_35.jpg,Discuss,train
data/input/Fish\Gold\Gold_77.jpg,Gold,train
data/input/Fish\Guppy\Guppy_63.png,Guppy,train
data/input/Fish\Oscar\Oscar_93.jpg,Oscar,train
data/input/Fish\Oscar\Oscar_125.jpg,Oscar,train
data/input/Fish\Oscar\Oscar_137.png,Oscar,train
data/input/Fish\Guppy\Guppy_135.jpg,Guppy,train
data/input/Fish\Guppy\Guppy_36.jpg,Guppy,train
data/input/Fish\Discuss\Discuss_136.jpg,Discuss,train
data/input/Fish\Discuss\Discuss_57.jpg,Discuss,train
data/input/Fish\Discuss\Discuss_148.jpg,Discuss,train
data/input/Fish\Bete\Bete_172.jpg,Bete,train
data/input/Fish\Discuss\Discuss_173.jpg,Discuss,train
data/input/Fish\Bete\Bete_154.jpg,Bete,train
data/input/Fish\Discuss\Discuss_38.jpg,Discuss,train
data/input/Fish\Gold\Gold_51.jpg,Gold,train
data/input/Fish\Gold\Gold_162.jpg,Gold,train
data/input/Fish\Discuss\Discuss_146.jpg,Discuss,train
data/input/Fish\Discuss\Discuss_137.jpg,Discuss,train
data/input/Fish\Gold\Gold_143.jpg,Gold,train
data/input/Fish\Gold\Gold_26.jpg,Gold,train
data/input/Fish\Bete\Bete_158.jpg,Bete,train
data/input/Fish\Cray\Cray_29.jpg,Cray,train
data/input/Fish\Oscar\Oscar_73.jpg,Oscar,train
data/input/Fish\Oscar\Oscar_14.jpg,Oscar,train
data/input/Fish\Bete\Bete_24.jpg,Bete,train
data/input/Fish\Discuss\Discuss_87.jpg,Discuss,train
data/input/Fish\Gold\Gold_148.jpg,Gold,train
data/input/Fish\Gold\Gold_163.jpg,Gold,train
data/input/Fish\Oscar\Oscar_38.jpg,Oscar,train
data/input/Fish\Oscar\Oscar_100.jpg,Oscar,train
data/input/Fish\Guppy\Guppy_51.png,Guppy,train
data/input/Fish\Gold\Gold_180.jpg,Gold,train
data/input/Fish\Gold\Gold_149.jpg,Gold,train
data/input/Fish\Oscar\Oscar_44.jpg,Oscar,train
data/input/Fish\Gold\Gold_43.jpg,Gold,train
data/input/Fish\Bete\Bete_54.jpg,Bete,train
data/input/Fish\Guppy\Guppy_77.jpg,Guppy,train
data/input/Fish\Guppy\Guppy_20.jpg,Guppy,train
data/input/Fish\Bete\Bete_5.jpg,Bete,train
data/input/Fish\Bete\Bete_119.jpg,Bete,train
data/input/Fish\Oscar\Oscar_3.jpg,Oscar,train
data/input/Fish\Cray\Cray_15.jpg,Cray,train
data/input/Fish\Discuss\Discuss_170.png,Discuss,train
data/input/Fish\Guppy\Guppy_110.jpg,Guppy,train
data/input/Fish\Gold\Gold_125.jpg,Gold,train
data/input/Fish\Gold\Gold_24.jpg,Gold,train
data/input/Fish\Gold\Gold_28.jpg,Gold,train
data/input/Fish\Bete\Bete_188.jpg,Bete,train
data/input/Fish\Bete\Bete_190.jpg,Bete,train
data/input/Fish\Bete\Bete_109.jpg,Bete,train
data/input/Fish\Bete\Bete_92.jpg,Bete,train
data/input/Fish\Guppy\Guppy_138.jpg,Guppy,train
data/input/Fish\Bete\Bete_39.jpg,Bete,train
data/input/Fish\Gold\Gold_83.jpg,Gold,train
data/input/Fish\Discuss\Discuss_69.jpg,Discuss,train
data/input/Fish\Gold\Gold_47.jpg,Gold,train
data/input/Fish\Guppy\Guppy_99.jpg,Guppy,train
data/input/Fish\Discuss\Discuss_189.jpg,Discuss,train
data/input/Fish\Oscar\Oscar_13.jpg,Oscar,train
data/input/Fish\Gold\Gold_95.jpg,Gold,train
data/input/Fish\Gold\Gold_172.jpg,Gold,train
data/input/Fish\Guppy\Guppy_46.png,Guppy,train
data/input/Fish\Gold\Gold_116.jpg,Gold,train
data/input/Fish\Discuss\Discuss_28.jpg,Discuss,train
data/input/Fish\Guppy\Guppy_126.jpg,Guppy,train
data/input/Fish\Discuss\Discuss_102.jpg,Discuss,train
data/input/Fish\Gold\Gold_186.jpg,Gold,train
data/input/Fish\Discuss\Discuss_115.jpg,Discuss,train
data/input/Fish\Guppy\Guppy_159.jpg,Guppy,train
data/input/Fish\Discuss\Discuss_77.jpg,Discuss,train
data/input/Fish\Discuss\Discuss_19.jpg,Discuss,train
data/input/Fish\Guppy\Guppy_24.jpg,Guppy,train
data/input/Fish\Cray\Cray_48.jpg,Cray,train
data/input/Fish\Cray\Cray_28.jpg,Cray,train
data/input/Fish\Oscar\Oscar_84.jpg,Oscar,train
data/input/Fish\Bete\Bete_30.jpg,Bete,train
data/input/Fish\Bete\Bete_145.jpg,Bete,train
data/input/Fish\Gold\Gold_152.jpg,Gold,train
data/input/Fish\Guppy\Guppy_72.png,Guppy,train
data/input/Fish\Gold\Gold_177.jpg,Gold,train
data/input/Fish\Bete\Bete_81.jpg,Bete,train
data/input/Fish\Discuss\Discuss_195.jpg,Discuss,train
data/input/Fish\Cray\Cray_23.jpg,Cray,train
data/input/Fish\Guppy\Guppy_58.jpg,Guppy,train
data/input/Fish\Discuss\Discuss_135.jpg,Discuss,train
data/input/Fish\Bete\Bete_95.jpg,Bete,train
data/input/Fish\Gold\Gold_34.jpg,Gold,train
data/input/Fish\Discuss\Discuss_166.jpg,Discuss,train
data/input/Fish\Oscar\Oscar_77.jpg,Oscar,train
data/input/Fish\Bete\Bete_50.jpg,Bete,train
data/input/Fish\Gold\Gold_106.jpg,Gold,train
data/input/Fish\Guppy\Guppy_65.png,Guppy,train
data/input/Fish\Discuss\Discuss_31.jpg,Discuss,train
data/input/Fish\Bete\Bete_120.jpg,Bete,train
data/input/Fish\Bete\Bete_53.jpg,Bete,train
data/input/Fish\Guppy\Guppy_179.jpg,Guppy,train
data/input/Fish\Guppy\Guppy_153.jpg,Guppy,train
data/input/Fish\Oscar\Oscar_104.jpg,Oscar,train
data/input/Fish\Bete\Bete_47.jpg,Bete,train
data/input/Fish\Guppy\Guppy_106.jpg,Guppy,train
data/input/Fish\Gold\Gold_123.jpg,Gold,train
data/input/Fish\Discuss\Discuss_109.jpg,Discuss,train
data/input/Fish\Discuss\Discuss_138.jpg,Discuss,train
data/input/Fish\Bete\Bete_15.jpg,Bete,train
data/input/Fish\Discuss\Discuss_51.jpg,Discuss,train
data/input/Fish\Guppy\Guppy_161.jpg,Guppy,train
data/input/Fish\Discuss\Discuss_8.jpg,Discuss,train
data/input/Fish\Bete\Bete_183.jpg,Bete,train
data/input/Fish\Bete\Bete_133.jpg,Bete,train
data/input/Fish\Bete\Bete_116.jpg,Bete,train
data/input/Fish\Gold\Gold_54.jpg,Gold,train
data/input/Fish\Bete\Bete_128.jpg,Bete,train
data/input/Fish\Gold\Gold_110.jpg,Gold,train
data/input/Fish\Oscar\Oscar_112.png,Oscar,train
data/input/Fish\Discuss\Discuss_30.jpg,Discuss,train
data/input/Fish\Bete\Bete_76.jpg,Bete,train
data/input/Fish\Bete\Bete_169.jpg,Bete,train
data/input/Fish\Cray\Cray_21.jpg,Cray,train
data/input/Fish\Oscar\Oscar_86.jpg,Oscar,train
data/input/Fish\Discuss\Discuss_114.jpg,Discuss,train
data/input/Fish\Gold\Gold_21.jpg,Gold,train
data/input/Fish\Discuss\Discuss_43.jpg,Discuss,train
data/input/Fish\Gold\Gold_196.jpg,Gold,train
data/input/Fish\Oscar\Oscar_131.png,Oscar,train
data/input/Fish\Discuss\Discuss_181.jpg,Discuss,train
data/input/Fish\Guppy\Guppy_160.jpg,Guppy,train
data/input/Fish\Discuss\Discuss_196.jpg,Discuss,train
data/input/Fish\Guppy\Guppy_18.jpg,Guppy,train
data/input/Fish\Bete\Bete_19.jpg,Bete,train
data/input/Fish\Discuss\Discuss_168.jpg,Discuss,train
data/input/Fish\Bete\Bete_139.jpg,Bete,train
data/input/Fish\Guppy\Guppy_105.jpg,Guppy,train
data/input/Fish\Discuss\Discuss_78.jpg,Discuss,train
data/input/Fish\Guppy\Guppy_166.jpg,Guppy,train
data/input/Fish\Discuss\Discuss_194.jpg,Discuss,train
data/input/Fish\Bete\Bete_122.jpg,Bete,train
data/input/Fish\Guppy\Guppy_142.jpg,Guppy,train
data/input/Fish\Guppy\Guppy_74.png,Guppy,train
data/input/Fish\Bete\Bete_94.jpg,Bete,train
data/input/Fish\Oscar\Oscar_54.jpg,Oscar,train
data/input/Fish\Bete\Bete_173.jpg,Bete,train
data/input/Fish\Cray\Cray_37.jpg,Cray,train
data/input/Fish\Gold\Gold_52.jpg,Gold,train
data/input/Fish\Oscar\Oscar_39.jpg,Oscar,train
data/input/Fish\Discuss\Discuss_99.jpg,Discuss,train
data/input/Fish\Gold\Gold_45.jpg,Gold,train
data/input/Fish\Guppy\Guppy_69.png,Guppy,train
data/input/Fish\Cray\Cray_47.jpg,Cray,train
data/input/Fish\Bete\Bete_177.jpg,Bete,train
data/input/Fish\Discuss\Discuss_41.jpg,Discuss,train
data/input/Fish\Gold\Gold_139.jpg,Gold,train
data/input/Fish\Guppy\Guppy_37.jpg,Guppy,train
data/input/Fish\Bete\Bete_1.jpg,Bete,train
data/input/Fish\Oscar\Oscar_58.jpg,Oscar,train
data/input/Fish\Guppy\Guppy_109.jpg,Guppy,train
data/input/Fish\Guppy\Guppy_152.jpg,Guppy,train
data/input/Fish\Discuss\Discuss_76.jpg,Discuss,train
data/input/Fish\Discuss\Discuss_180.jpg,Discuss,train
data/input/Fish\Discuss\Discuss_46.jpg,Discuss,train
data/input/Fish\Bete\Bete_160.jpg,Bete,train
data/input/Fish\Bete\Bete_62.jpg,Bete,train
data/input/Fish\Gold\Gold_88.jpg,Gold,train
data/input/Fish\Gold\Gold_132.jpg,Gold,train
data/input/Fish\Cray\Cray_34.jpg,Cray,train
data/input/Fish\Oscar\Oscar_37.jpg,Oscar,train
data/input/Fish\Guppy\Guppy_83.jpg,Guppy,train
data/input/Fish\Discuss\Discuss_25.jpg,Discuss,train
data/input/Fish\Bete\Bete_124.jpg,Bete,train
data/input/Fish\Bete\Bete_48.jpg,Bete,train
data/input/Fish\Bete\Bete_6.jpg,Bete,train
data/input/Fish\Discuss\Discuss_10.jpg,Discuss,train
data/input/Fish\Guppy\Guppy_182.jpg,Guppy,train
data/input/Fish\Oscar\Oscar_123.jpg,Oscar,train
data/input/Fish\Bete\Bete_187.jpg,Bete,train
data/input/Fish\Gold\Gold_178.jpg,Gold,train
data/input/Fish\Bete\Bete_100.jpg,Bete,train
data/input/Fish\Discuss\Discuss_42.jpg,Discuss,train
data/input/Fish\Discuss\Discuss_11.jpg,Discuss,train
data/input/Fish\Bete\Bete_68.jpg,Bete,train
data/input/Fish\Discuss\Discuss_176.jpg,Discuss,train
data/input/Fish\Guppy\Guppy_111.jpg,Guppy,train
data/input/Fish\Guppy\Guppy_131.jpg,Guppy,train
data/input/Fish\Bete\Bete_131.jpg,Bete,train
data/input/Fish\Bete\Bete_80.jpg,Bete,train
data/input/Fish\Gold\Gold_98.jpg,Gold,train
data/input/Fish\Guppy\Guppy_170.jpg,Guppy,train
data/input/Fish\Oscar\Oscar_16.jpg,Oscar,train
data/input/Fish\Guppy\Guppy_90.jpg,Guppy,train
data/input/Fish\Cray\Cray_35.jpg,Cray,train
data/input/Fish\Guppy\Guppy_167.jpg,Guppy,train
data/input/Fish\Discuss\Discuss_159.jpg,Discuss,train
data/input/Fish\Guppy\Guppy_85.jpg,Guppy,train
data/input/Fish\Gold\Gold_151.jpg,Gold,train
data/input/Fish\Cray\Cray_36.jpg,Cray,train
data/input/Fish\Gold\Gold_187.jpg,Gold,train
data/input/Fish\Oscar\Oscar_80.jpg,Oscar,train
data/input/Fish\Gold\Gold_30.jpg,Gold,train
data/input/Fish\Gold\Gold_55.jpg,Gold,train
data/input/Fish\Guppy\Guppy_164.jpg,Guppy,train
data/input/Fish\Cray\Cray_76.jpg,Cray,train
data/input/Fish\Bete\Bete_64.jpg,Bete,train
data/input/Fish\Guppy\Guppy_23.jpg,Guppy,train
data/input/Fish\Bete\Bete_136.jpg,Bete,train
data/input/Fish\Discuss\Discuss_127.jpg,Discuss,train
data/input/Fish\Gold\Gold_37.jpg,Gold,train
data/input/Fish\Gold\Gold_129.jpg,Gold,train
data/input/Fish\Discuss\Discuss_96.jpg,Discuss,train
data/input/Fish\Cray\Cray_72.jpg,Cray,train
data/input/Fish\Discuss\Discuss_26.jpg,Discuss,train
data/input/Fish\Discuss\Discuss_60.jpg,Discuss,train
data/input/Fish\Guppy\Guppy_185.jpg,Guppy,train
data/input/Fish\Gold\Gold_17.jpg,Gold,train
data/input/Fish\Discuss\Discuss_200.jpg,Discuss,train
data/input/Fish\Guppy\Guppy_94.jpg,Guppy,train
data/input/Fish\Discuss\Discuss_154.jpg,Discuss,train
data/input/Fish\Guppy\Guppy_124.jpg,Guppy,train
data/input/Fish\Discuss\Discuss_145.jpg,Discuss,train
data/input/Fish\Discuss\Discuss_191.jpg,Discuss,train
data/input/Fish\Discuss\Discuss_82.jpg,Discuss,train
data/input/Fish\Gold\Gold_61.jpg,Gold,train
data/input/Fish\Cray\Cray_69.jpg,Cray,train
data/input/Fish\Gold\Gold_108.jpg,Gold,train
data/input/Fish\Oscar\Oscar_21.jpg,Oscar,train
data/input/Fish\Discuss\Discuss_140.jpg,Discuss,train
data/input/Fish\Guppy\Guppy_82.jpg,Guppy,train
data/input/Fish\Guppy\Guppy_8.jpg,Guppy,train
data/input/Fish\Guppy\Guppy_52.png,Guppy,train
data/input/Fish\Oscar\Oscar_34.jpg,Oscar,train
data/input/Fish\Guppy\Guppy_45.png,Guppy,train
data/input/Fish\Cray\Cray_80.jpg,Cray,train
data/input/Fish\Cray\Cray_75.jpg,Cray,train
data/input/Fish\Guppy\Guppy_118.jpg,Guppy,train
data/input/Fish\Gold\Gold_198.jpg,Gold,train
data/input/Fish\Gold\Gold_155.jpg,Gold,train
data/input/Fish\Guppy\Guppy_40.png,Guppy,train
data/input/Fish\Gold\Gold_107.jpg,Gold,train
data/input/Fish\Guppy\Guppy_130.jpg,Guppy,train
data/input/Fish\Oscar\Oscar_74.jpg,Oscar,train
data/input/Fish\Gold\Gold_145.jpg,Gold,train
data/input/Fish\Discuss\Discuss_71.jpg,Discuss,train
data/input/Fish\Bete\Bete_27.jpg,Bete,train
data/input/Fish\Discuss\Discuss_9.jpg,Discuss,train
data/input/Fish\Oscar\Oscar_85.jpg,Oscar,train
data/input/Fish\Discuss\Discuss_21.jpg,Discuss,train
data/input/Fish\Cray\Cray_50.jpg,Cray,train
data/input/Fish\Guppy\Guppy_84.jpg,Guppy,train
data/input/Fish\Guppy\Guppy_186.png,Guppy,train
data/input/Fish\Gold\Gold_86.jpg,Gold,train
data/input/Fish\Discuss\Discuss_93.jpg,Discuss,train
data/input/Fish\Gold\Gold_127.jpg,Gold,train
data/input/Fish\Bete\Bete_104.jpg,Bete,train
data/input/Fish\Gold\Gold_60.jpg,Gold,train
data/input/Fish\Discuss\Discuss_40.jpg,Discuss,train
data/input/Fish\Bete\Bete_3.jpg,Bete,train
data/input/Fish\Discuss\Discuss_20.jpg,Discuss,train
data/input/Fish\Guppy\Guppy_47.png,Guppy,train
data/input/Fish\Oscar\Oscar_82.jpg,Oscar,train
data/input/Fish\Bete\Bete_28.jpg,Bete,train
data/input/Fish\Guppy\Guppy_134.jpg,Guppy,train
data/input/Fish\Oscar\Oscar_50.jpg,Oscar,train
data/input/Fish\Gold\Gold_191.jpg,Gold,train
data/input/Fish\Oscar\Oscar_71.jpg,Oscar,train
data/input/Fish\Gold\Gold_141.jpg,Gold,train
data/input/Fish\Discuss\Discuss_70.jpg,Discuss,train
data/input/Fish\Oscar\Oscar_102.jpg,Oscar,train
data/input/Fish\Gold\Gold_133.jpg,Gold,train
data/input/Fish\Gold\Gold_113.jpg,Gold,train
data/input/Fish\Gold\Gold_207.jpg,Gold,train
data/input/Fish\Oscar\Oscar_65.jpg,Oscar,train
data/input/Fish\Oscar\Oscar_141.png,Oscar,train
data/input/Fish\Bete\Bete_38.jpg,Bete,train
data/input/Fish\Guppy\Guppy_87.jpg,Guppy,train
data/input/Fish\Guppy\Guppy_114.jpg,Guppy,train
data/input/Fish\Guppy\Guppy_104.jpg,Guppy,train
data/input/Fish\Discuss\Discuss_36.jpg,Discuss,train
data/input/Fish\Bete\Bete_153.jpg,Bete,train
data/input/Fish\Guppy\Guppy_162.jpg,Guppy,train
data/input/Fish\Guppy\Guppy_60.png,Guppy,train
data/input/Fish\Guppy\Guppy_174.jpg,Guppy,train
data/input/Fish\Bete\Bete_176.jpg,Bete,train
data/input/Fish\Bete\Bete_58.jpg,Bete,train
data/input/Fish\Discuss\Discuss_178.jpg,Discuss,train
data/input/Fish\Bete\Bete_115.jpg,Bete,train
data/input/Fish\Bete\Bete_162.jpg,Bete,train
data/input/Fish\Cray\Cray_25.jpg,Cray,train
data/input/Fish\Bete\Bete_135.jpg,Bete,train
data/input/Fish\Guppy\Guppy_154.jpg,Guppy,train
data/input/Fish\Bete\Bete_65.jpg,Bete,train
data/input/Fish\Discuss\Discuss_157.jpg,Discuss,train
data/input/Fish\Oscar\Oscar_96.jpg,Oscar,train
data/input/Fish\Guppy\Guppy_156.jpg,Guppy,train
data/input/Fish\Gold\Gold_68.jpg,Gold,train
data/input/Fish\Oscar\Oscar_139.png,Oscar,train
data/input/Fish\Bete\Bete_127.jpg,Bete,train
data/input/Fish\Discuss\Discuss_165.jpg,Discuss,train
data/input/Fish\Bete\Bete_84.jpg,Bete,train
data/input/Fish\Gold\Gold_53.jpg,Gold,train
data/input/Fish\Guppy\Guppy_38.jpg,Guppy,train
data/input/Fish\Gold\Gold_35.jpg,Gold,train
data/input/Fish\Bete\Bete_140.jpg,Bete,train
data/input/Fish\Gold\Gold_31.jpg,Gold,train
data/input/Fish\Gold\Gold_40.jpg,Gold,train
data/input/Fish\Gold\Gold_111.jpg,Gold,train
data/input/Fish\Gold\Gold_140.jpg,Gold,train
data/input/Fish\Guppy\Guppy_9.jpg,Guppy,train
data/input/Fish\Guppy\Guppy_79.jpg,Guppy,train
data/input/Fish\Guppy\Guppy_71.png,Guppy,train
data/input/Fish\Guppy\Guppy_95.jpg,Guppy,train
data/input/Fish\Oscar\Oscar_79.jpg,Oscar,train
data/input/Fish\Discuss\Discuss_63.jpg,Discuss,train
data/input/Fish\Oscar\Oscar_47.jpg,Oscar,train
data/input/Fish\Discuss\Discuss_54.jpg,Discuss,train
data/input/Fish\Oscar\Oscar_8.jpg,Oscar,train
data/input/Fish\Gold\Gold_99.jpg,Gold,train
data/input/Fish\Cray\Cray_68.jpg,Cray,train
data/input/Fish\Bete\Bete_98.jpg,Bete,train
data/input/Fish\Guppy\Guppy_70.png,Guppy,train
data/input/Fish\Gold\Gold_158.jpg,Gold,train
data/input/Fish\Guppy\Guppy_42.png,Guppy,train
data/input/Fish\Discuss\Discuss_100.jpg,Discuss,train
data/input/Fish\Discuss\Discuss_89.jpg,Discuss,train
data/input/Fish\Oscar\Oscar_43.jpg,Oscar,train
data/input/Fish\Cray\Cray_17.jpg,Cray,train
data/input/Fish\Guppy\Guppy_177.jpg,Guppy,train
data/input/Fish\Cray\Cray_18.jpg,Cray,train
data/input/Fish\Guppy\Guppy_116.jpg,Guppy,train
data/input/Fish\Oscar\Oscar_127.jpg,Oscar,train
data/input/Fish\Discuss\Discuss_161.png,Discuss,train
data/input/Fish\Cray\Cray_55.jpg,Cray,train
data/input/Fish\Gold\Gold_41.jpg,Gold,train
data/input/Fish\Discuss\Discuss_33.jpg,Discuss,train
data/input/Fish\Guppy\Guppy_33.jpg,Guppy,train
data/input/Fish\Oscar\Oscar_55.jpg,Oscar,train
data/input/Fish\Cray\Cray_41.jpg,Cray,train
data/input/Fish\Discuss\Discuss_59.jpg,Discuss,train
data/input/Fish\Discuss\Discuss_164.jpg,Discuss,train
data/input/Fish\Oscar\Oscar_26.jpg,Oscar,train
data/input/Fish\Discuss\Discuss_74.jpg,Discuss,train
data/input/Fish\Oscar\Oscar_111.jpg,Oscar,train
data/input/Fish\Bete\Bete_22.jpg,Bete,train
data/input/Fish\Bete\Bete_185.jpg,Bete,train
data/input/Fish\Bete\Bete_32.jpg,Bete,train
data/input/Fish\Cray\Cray_52.jpg,Cray,train
data/input/Fish\Oscar\Oscar_106.jpg,Oscar,train
data/input/Fish\Gold\Gold_147.jpg,Gold,train
data/input/Fish\Cray\Cray_67.jpg,Cray,train
data/input/Fish\Gold\Gold_6.jpg,Gold,train
data/input/Fish\Guppy\Guppy_25.jpg,Guppy,train
data/input/Fish\Gold\Gold_93.jpg,Gold,train
data/input/Fish\Discuss\Discuss_95.jpg,Discuss,train
data/input/Fish\Gold\Gold_15.jpg,Gold,train
data/input/Fish\Cray\Cray_31.jpg,Cray,train
data/input/Fish\Discuss\Discuss_185.jpg,Discuss,train
data/input/Fish\Oscar\Oscar_51.jpg,Oscar,train
data/input/Fish\Discuss\Discuss_167.jpg,Discuss,train
data/input/Fish\Guppy\Guppy_136.jpg,Guppy,train
data/input/Fish\Bete\Bete_16.jpg,Bete,train
data/input/Fish\Guppy\Guppy_115.jpg,Guppy,train
data/input/Fish\Gold\Gold_4.jpg,Gold,train
data/input/Fish\Oscar\Oscar_40.jpg,Oscar,train
data/input/Fish\Guppy\Guppy_150.jpg,Guppy,train
data/input/Fish\Bete\Bete_55.jpg,Bete,train
data/input/Fish\Oscar\Oscar_83.jpg,Oscar,train
data/input/Fish\Cray\Cray_63.jpg,Cray,train
data/input/Fish\Guppy\Guppy_50.png,Guppy,train
data/input/Fish\Bete\Bete_161.jpg,Bete,train
data/input/Fish\Bete\Bete_8.jpg,Bete,train
data/input/Fish\Guppy\Guppy_93.jpg,Guppy,train
data/input/Fish\Bete\Bete_46.jpg,Bete,train
data/input/Fish\Oscar\Oscar_142.jpg,Oscar,train
data/input/Fish\Oscar\Oscar_130.jpg,Oscar,train
data/input/Fish\Gold\Gold_90.jpg,Gold,train
data/input/Fish\Gold\Gold_115.jpg,Gold,train
data/input/Fish\Cray\Cray_22.jpg,Cray,train
data/input/Fish\Discuss\Discuss_150.png,Discuss,train
data/input/Fish\Guppy\Guppy_17.jpg,Guppy,train
data/input/Fish\Guppy\Guppy_92.jpg,Guppy,train
data/input/Fish\Gold\Gold_176.jpg,Gold,train
data/input/Fish\Bete\Bete_51.jpg,Bete,train
data/input/Fish\Bete\Bete_89.jpg,Bete,train
data/input/Fish\Oscar\Oscar_4.jpg,Oscar,train
data/input/Fish\Gold\Gold_84.jpg,Gold,train
data/input/Fish\Cray\Cray_2.jpg,Cray,train
data/input/Fish\Bete\Bete_186.jpg,Bete,train
data/input/Fish\Discuss\Discuss_175.jpg,Discuss,train
data/input/Fish\Discuss\Discuss_68.jpg,Discuss,train
data/input/Fish\Discuss\Discuss_61.jpg,Discuss,train
data/input/Fish\Discuss\Discuss_37.jpg,Discuss,train
data/input/Fish\Gold\Gold_179.jpg,Gold,train
data/input/Fish\Discuss\Discuss_183.jpg,Discuss,train
data/input/Fish\Discuss\Discuss_129.jpg,Discuss,train
data/input/Fish\Gold\Gold_175.jpg,Gold,train
data/input/Fish\Bete\Bete_103.jpg,Bete,train
data/input/Fish\Bete\Bete_25.jpg,Bete,train
data/input/Fish\Bete\Bete_107.jpg,Bete,train
data/input/Fish\Gold\Gold_167.jpg,Gold,train
data/input/Fish\Bete\Bete_52.jpg,Bete,train
data/input/Fish\Gold\Gold_164.jpg,Gold,train
data/input/Fish\Discuss\Discuss_72.jpg,Discuss,train
data/input/Fish\Discuss\Discuss_151.png,Discuss,train
data/input/Fish\Bete\Bete_184.jpg,Bete,train
data/input/Fish\Guppy\Guppy_54.jpg,Guppy,train
data/input/Fish\Bete\Bete_73.jpg,Bete,train
data/input/Fish\Guppy\Guppy_168.jpg,Guppy,train
data/input/Fish\Cray\Cray_66.jpg,Cray,train
data/input/Fish\Oscar\Oscar_134.jpg,Oscar,train
data/input/Fish\Bete\Bete_57.jpg,Bete,train
data/input/Fish\Discuss\Discuss_155.jpg,Discuss,train
data/input/Fish\Gold\Gold_5.jpg,Gold,train
data/input/Fish\Guppy\Guppy_178.jpg,Guppy,train
data/input/Fish\Gold\Gold_16.jpg,Gold,train
data/input/Fish\Gold\Gold_80.jpg,Gold,train
data/input/Fish\Bete\Bete_17.jpg,Bete,train
data/input/Fish\Discuss\Discuss_73.jpg,Discuss,train
data/input/Fish\Gold\Gold_89.jpg,Gold,train
data/input/Fish\Guppy\Guppy_30.jpg,Guppy,train
data/input/Fish\Discuss\Discuss_134.jpg,Discuss,train
data/input/Fish\Oscar\Oscar_144.png,Oscar,train
data/input/Fish\Discuss\Discuss_139.jpg,Discuss,train
data/input/Fish\Oscar\Oscar_57.jpg,Oscar,train
data/input/Fish\Bete\Bete_31.jpg,Bete,train
data/input/Fish\Oscar\Oscar_133.png,Oscar,train
data/input/Fish\Bete\Bete_175.jpg,Bete,train
data/input/Fish\Gold\Gold_154.jpg,Gold,train
data/input/Fish\Discuss\Discuss_169.jpg,Discuss,train
data/input/Fish\Guppy\Guppy_19.jpg,Guppy,train
data/input/Fish\Discuss\Discuss_156.jpg,Discuss,train
data/input/Fish\Oscar\Oscar_88.jpg,Oscar,train
data/input/Fish\Gold\Gold_126.jpg,Gold,train
data/input/Fish\Discuss\Discuss_190.jpg,Discuss,train
data/input/Fish\Discuss\Discuss_121.jpg,Discuss,train
data/input/Fish\Gold\Gold_96.jpg,Gold,train
data/input/Fish\Bete\Bete_113.jpg,Bete,train
data/input/Fish\Bete\Bete_129.jpg,Bete,train
data/input/Fish\Cray\Cray_39.jpg,Cray,train
data/input/Fish\Guppy\Guppy_171.jpg,Guppy,train
data/input/Fish\Bete\Bete_77.jpg,Bete,train
data/input/Fish\Gold\Gold_32.jpg,Gold,train
data/input/Fish\Gold\Gold_205.jpg,Gold,train
data/input/Fish\Bete\Bete_121.jpg,Bete,train
data/input/Fish\Cray\Cray_33.jpg,Cray,train
data/input/Fish\Bete\Bete_63.jpg,Bete,train
data/input/Fish\Cray\Cray_61.jpg,Cray,train
data/input/Fish\Guppy\Guppy_96.jpg,Guppy,train
data/input/Fish\Discuss\Discuss_187.jpg,Discuss,train
data/input/Fish\Discuss\Discuss_75.jpg,Discuss,train
data/input/Fish\Bete\Bete_149.jpg,Bete,train
data/input/Fish\Guppy\Guppy_180.jpg,Guppy,train
data/input/Fish\Guppy\Guppy_132.jpg,Guppy,train
data/input/Fish\Cray\Cray_3.jpg,Cray,train
data/input/Fish\Oscar\Oscar_140.png,Oscar,train
data/input/Fish\Gold\Gold_120.jpg,Gold,train
data/input/Fish\Guppy\Guppy_141.jpg,Guppy,train
data/input/Fish\Bete\Bete_134.jpg,Bete,train
data/input/Fish\Discuss\Discuss_110.jpg,Discuss,train
data/input/Fish\Oscar\Oscar_17.jpg,Oscar,train
data/input/Fish\Bete\Bete_7.jpg,Bete,train
data/input/Fish\Bete\Bete_155.jpg,Bete,train
data/input/Fish\Guppy\Guppy_158.jpg,Guppy,train
data/input/Fish\Guppy\Guppy_120.jpg,Guppy,train
data/input/Fish\Oscar\Oscar_48.jpg,Oscar,train
data/input/Fish\Discuss\Discuss_171.jpg,Discuss,train
data/input/Fish\Discuss\Discuss_1.jpg,Discuss,train
data/input/Fish\Bete\Bete_168.jpg,Bete,train
data/input/Fish\Discuss\Discuss_120.jpg,Discuss,train
data/input/Fish\Gold\Gold_197.jpg,Gold,train
data/input/Fish\Guppy\Guppy_15.jpg,Guppy,train
data/input/Fish\Bete\Bete_112.jpg,Bete,train
data/input/Fish\Gold\Gold_156.jpg,Gold,train
data/input/Fish\Oscar\Oscar_92.jpg,Oscar,train
data/input/Fish\Cray\Cray_51.jpg,Cray,train
data/input/Fish\Guppy\Guppy_189.jpg,Guppy,train
data/input/Fish\Guppy\Guppy_97.jpg,Guppy,train
data/input/Fish\Bete\Bete_123.jpg,Bete,train
data/input/Fish\Gold\Gold_82.jpg,Gold,train
data/input/Fish\Cray\Cray_65.jpg,Cray,train
data/input/Fish\Gold\Gold_199.jpg,Gold,train
data/input/Fish\Bete\Bete_125.jpg,Bete,train
data/input/Fish\Discuss\Discuss_193.jpg,Discuss,train
data/input/Fish\Discuss\Discuss_86.jpg,Discuss,train
data/input/Fish\Bete\Bete_56.jpg,Bete,train
data/input/Fish\Bete\Bete_12.jpg,Bete,train
data/input/Fish\Guppy\Guppy_5.jpg,Guppy,train
data/input/Fish\Discuss\Discuss_162.jpg,Discuss,train
data/input/Fish\Cray\Cray_7.jpg,Cray,train
data/input/Fish\Guppy\Guppy_80.jpg,Guppy,train
data/input/Fish\Bete\Bete_26.jpg,Bete,train
data/input/Fish\Bete\Bete_97.jpg,Bete,train
data/input/Fish\Gold\Gold_67.jpg,Gold,train
data/input/Fish\Cray\Cray_12.jpg,Cray,train
data/input/Fish\Discuss\Discuss_177.jpg,Discuss,train
data/input/Fish\Gold\Gold_119.jpg,Gold,train
data/input/Fish\Gold\Gold_3.jpg,Gold,train
data/input/Fish\Discuss\Discuss_47.jpg,Discuss,train
data/input/Fish\Guppy\Guppy_91.jpg,Guppy,train
data/input/Fish\Bete\Bete_167.jpg,Bete,train
data/input/Fish\Discuss\Discuss_119.jpg,Discuss,train
data/input/Fish\Gold\Gold_65.jpg,Gold,train
data/input/Fish\Discuss\Discuss_58.jpg,Discuss,train
data/input/Fish\Oscar\Oscar_124.jpg,Oscar,train
data/input/Fish\Discuss\Discuss_88.jpg,Discuss,train
data/input/Fish\Guppy\Guppy_165.jpg,Guppy,train
data/input/Fish\Gold\Gold_204.jpg,Gold,train
data/input/Fish\Oscar\Oscar_41.jpg,Oscar,train
data/input/Fish\Gold\Gold_48.jpg,Gold,train
data/input/Fish\Gold\Gold_192.jpg,Gold,train
data/input/Fish\Cray\Cray_20.jpg,Cray,train
data/input/Fish\Gold\Gold_85.jpg,Gold,train
data/input/Fish\Bete\Bete_36.jpg,Bete,train
data/input/Fish\Bete\Bete_137.jpg,Bete,train
data/input/Fish\Gold\Gold_2.jpg,Gold,train
data/input/Fish\Cray\Cray_40.jpg,Cray,train
data/input/Fish\Bete\Bete_11.jpg,Bete,train
data/input/Fish\Discuss\Discuss_111.jpg,Discuss,train
data/input/Fish\Cray\Cray_71.jpg,Cray,train
data/input/Fish\Cray\Cray_53.jpg,Cray,train
data/input/Fish\Guppy\Guppy_10.jpg,Guppy,train
data/input/Fish\Cray\Cray_74.jpg,Cray,train
data/input/Fish\Bete\Bete_67.jpg,Bete,train
data/input/Fish\Guppy\Guppy_39.jpg,Guppy,train
data/input/Fish\Oscar\Oscar_115.png,Oscar,train
data/input/Fish\Guppy\Guppy_56.jpg,Guppy,train
data/input/Fish\Gold\Gold_7.jpg,Gold,train
data/input/Fish\Gold\Gold_122.jpg,Gold,train
data/input/Fish\Gold\Gold_75.jpg,Gold,train
data/input/Fish\Oscar\Oscar_31.jpg,Oscar,train
data/input/Fish\Gold\Gold_169.jpg,Gold,train
data/input/Fish\Bete\Bete_180.jpg,Bete,train
data/input/Fish\Guppy\Guppy_117.jpg,Guppy,train
data/input/Fish\Discuss\Discuss_91.jpg,Discuss,train
data/input/Fish\Oscar\Oscar_19.jpg,Oscar,train
data/input/Fish\Bete\Bete_21.jpg,Bete,train
data/input/Fish\Discuss\Discuss_18.jpg,Discuss,train
data/input/Fish\Gold\Gold_102.jpg,Gold,train
data/input/Fish\Discuss\Discuss_108.jpg,Discuss,train
data/input/Fish\Cray\Cray_46.jpg,Cray,train
data/input/Fish\Discuss\Discuss_106.jpg,Discuss,train
data/input/Fish\Gold\Gold_114.jpg,Gold,train
data/input/Fish\Gold\Gold_64.jpg,Gold,train
data/input/Fish\Guppy\Guppy_4.jpg,Guppy,train
data/input/Fish\Bete\Bete_49.jpg,Bete,train
data/input/Fish\Cray\Cray_27.jpg,Cray,train
data/input/Fish\Oscar\Oscar_108.jpg,Oscar,train
data/input/Fish\Oscar\Oscar_36.jpg,Oscar,train
data/input/Fish\Gold\Gold_161.jpg,Gold,train
data/input/Fish\Gold\Gold_94.jpg,Gold,train
data/input/Fish\Discuss\Discuss_152.jpg,Discuss,train
data/input/Fish\Oscar\Oscar_27.jpg,Oscar,train
data/input/Fish\Gold\Gold_9.jpg,Gold,train
data/input/Fish\Bete\Bete_126.jpg,Bete,train
data/input/Fish\Bete\Bete_193.jpg,Bete,train
data/input/Fish\Gold\Gold_103.jpg,Gold,train
data/input/Fish\Guppy\Guppy_147.jpg,Guppy,train
data/input/Fish\Bete\Bete_37.jpg,Bete,train
data/input/Fish\Bete\Bete_141.jpg,Bete,train
data/input/Fish\Bete\Bete_194.jpg,Bete,train
data/input/Fish\Oscar\Oscar_24.jpg,Oscar,train
data/input/Fish\Gold\Gold_144.jpg,Gold,train
data/input/Fish\Gold\Gold_173.jpg,Gold,train
data/input/Fish\Oscar\Oscar_5.jpg,Oscar,train
data/input/Fish\Oscar\Oscar_110.jpg,Oscar,train
data/input/Fish\Discuss\Discuss_126.jpg,Discuss,train
data/input/Fish\Oscar\Oscar_98.jpg,Oscar,train
data/input/Fish\Cray\Cray_16.jpg,Cray,train
data/input/Fish\Discuss\Discuss_17.jpg,Discuss,train
data/input/Fish\Gold\Gold_100.jpg,Gold,train
data/input/Fish\Gold\Gold_168.jpg,Gold,train
data/input/Fish\Discuss\Discuss_44.jpg,Discuss,train
data/input/Fish\Gold\Gold_142.jpg,Gold,train
data/input/Fish\Oscar\Oscar_61.jpg,Oscar,train
data/input/Fish\Bete\Bete_147.jpg,Bete,train
data/input/Fish\Oscar\Oscar_78.jpg,Oscar,train
data/input/Fish\Oscar\Oscar_143.png,Oscar,train
data/input/Fish\Bete\Bete_90.jpg,Bete,train
data/input/Fish\Bete\Bete_4.jpg,Bete,train
data/input/Fish\Discuss\Discuss_3.jpg,Discuss,train
data/input/Fish\Discuss\Discuss_116.jpg,Discuss,train
data/input/Fish\Oscar\Oscar_2.jpg,Oscar,train
data/input/Fish\Bete\Bete_108.jpg,Bete,train
data/input/Fish\Oscar\Oscar_70.jpg,Oscar,train
data/input/Fish\Bete\Bete_138.jpg,Bete,train
data/input/Fish\Discuss\Discuss_97.jpg,Discuss,train
data/input/Fish\Bete\Bete_130.jpg,Bete,train
data/input/Fish\Oscar\Oscar_91.jpg,Oscar,train
data/input/Fish\Discuss\Discuss_163.jpg,Discuss,train
data/input/Fish\Oscar\Oscar_22.jpg,Oscar,train
data/input/Fish\Oscar\Oscar_6.jpg,Oscar,train
data/input/Fish\Oscar\Oscar_1.jpg,Oscar,train
data/input/Fish\Discuss\Discuss_149.jpg,Discuss,train
data/input/Fish\Discuss\Discuss_124.jpg,Discuss,train
data/input/Fish\Cray\Cray_45.jpg,Cray,train
data/input/Fish\Bete\Bete_170.jpg,Bete,train
data/input/Fish\Oscar\Oscar_87.jpg,Oscar,train
data/input/Fish\Guppy\Guppy_41.png,Guppy,train
data/input/Fish\Guppy\Guppy_53.jpg,Guppy,train
data/input/Fish\Guppy\Guppy_113.jpg,Guppy,train
data/input/Fish\Discuss\Discuss_56.jpg,Discuss,train
data/input/Fish\Discuss\Discuss_85.jpg,Discuss,train
data/input/Fish\Oscar\Oscar_132.jpg,Oscar,train
data/input/Fish\Gold\Gold_76.jpg,Gold,train
data/input/Fish\Bete\Bete_88.jpg,Bete,train
data/input/Fish\Gold\Gold_136.jpg,Gold,train
data/input/Fish\Guppy\Guppy_112.jpg,Guppy,train
data/input/Fish\Cray\Cray_73.jpg,Cray,train
data/input/Fish\Gold\Gold_46.jpg,Gold,train
data/input/Fish\Discuss\Discuss_34.jpg,Discuss,train
data/input/Fish\Gold\Gold_11.jpg,Gold,train
data/input/Fish\Discuss\Discuss_112.png,Discuss,train
data/input/Fish\Oscar\Oscar_94.jpg,Oscar,train
data/input/Fish\Oscar\Oscar_32.jpg,Oscar,train
data/input/Fish\Bete\Bete_72.jpg,Bete,train
data/input/Fish\Guppy\Guppy_11.jpg,Guppy,train
data/input/Fish\Gold\Gold_146.jpg,Gold,train
data/input/Fish\Guppy\Guppy_137.jpg,Guppy,train
data/input/Fish\Cray\Cray_32.jpg,Cray,train
data/input/Fish\Gold\Gold_183.jpg,Gold,train
data/input/Fish\Guppy\Guppy_86.jpg,Guppy,train
data/input/Fish\Oscar\Oscar_60.jpg,Oscar,train
data/input/Fish\Discuss\Discuss_27.jpg,Discuss,train
data/input/Fish\Bete\Bete_165.jpg,Bete,train
data/input/Fish\Bete\Bete_157.jpg,Bete,train
data/input/Fish\Oscar\Oscar_63.jpg,Oscar,train
data/input/Fish\Guppy\Guppy_16.jpg,Guppy,train
data/input/Fish\Discuss\Discuss_179.jpg,Discuss,train
data/input/Fish\Cray\Cray_42.jpg,Cray,train
data/input/Fish\Oscar\Oscar_46.jpg,Oscar,train
data/input/Fish\Cray\Cray_54.jpg,Cray,train
data/input/Fish\Guppy\Guppy_76.jpg,Guppy,train
data/input/Fish\Bete\Bete_159.jpg,Bete,train
data/input/Fish\Gold\Gold_134.jpg,Gold,train
data/input/Fish\Oscar\Oscar_114.jpg,Oscar,train
data/input/Fish\Oscar\Oscar_49.jpg,Oscar,train
data/input/Fish\Guppy\Guppy_43.png,Guppy,train
data/input/Fish\Oscar\Oscar_33.jpg,Oscar,train
data/input/Fish\Discuss\Discuss_15.jpg,Discuss,train
data/input/Fish\Discuss\Discuss_104.jpg,Discuss,train
data/input/Fish\Gold\Gold_153.jpg,Gold,train
data/input/Fish\Bete\Bete_102.jpg,Bete,train
data/input/Fish\Bete\Bete_34.jpg,Bete,train
data/input/Fish\Guppy\Guppy_183.jpg,Guppy,train
data/input/Fish\Bete\Bete_101.jpg,Bete,train
data/input/Fish\Guppy\Guppy_145.jpg,Guppy,train
data/input/Fish\Gold\Gold_202.jpg,Gold,train
data/input/Fish\Bete\Bete_91.jpg,Bete,train
data/input/Fish\Gold\Gold_91.jpg,Gold,train
data/input/Fish\Guppy\Guppy_62.png,Guppy,val
data/input/Fish\Gold\Gold_39.jpg,Gold,val
data/input/Fish\Guppy\Guppy_122.jpg,Guppy,val
data/input/Fish\Discuss\Discuss_101.jpg,Discuss,val
data/input/Fish\Cray\Cray_11.jpg,Cray,val
data/input/Fish\Bete\Bete_86.jpg,Bete,val
data/input/Fish\Bete\Bete_70.jpg,Bete,val
data/input/Fish\Gold\Gold_29.jpg,Gold,val
data/input/Fish\Guppy\Guppy_108.jpg,Guppy,val
data/input/Fish\Discuss\Discuss_80.jpg,Discuss,val
data/input/Fish\Oscar\Oscar_29.jpg,Oscar,val
data/input/Fish\Gold\Gold_182.jpg,Gold,val
data/input/Fish\Guppy\Guppy_172.png,Guppy,val
data/input/Fish\Discuss\Discuss_174.jpg,Discuss,val
data/input/Fish\Oscar\Oscar_120.jpg,Oscar,val
data/input/Fish\Gold\Gold_97.jpg,Gold,val
data/input/Fish\Gold\Gold_79.jpg,Gold,val
data/input/Fish\Gold\Gold_105.jpg,Gold,val
data/input/Fish\Gold\Gold_184.jpg,Gold,val
data/input/Fish\Oscar\Oscar_76.jpg,Oscar,val
data/input/Fish\Bete\Bete_66.jpg,Bete,val
data/input/Fish\Gold\Gold_72.jpg,Gold,val
data/input/Fish\Cray\Cray_78.jpg,Cray,val
data/input/Fish\Discuss\Discuss_5.jpg,Discuss,val
data/input/Fish\Oscar\Oscar_136.png,Oscar,val
data/input/Fish\Oscar\Oscar_68.jpg,Oscar,val
data/input/Fish\Discuss\Discuss_2.jpg,Discuss,val
data/input/Fish\Bete\Bete_156.jpg,Bete,val
data/input/Fish\Gold\Gold_59.jpg,Gold,val
data/input/Fish\Discuss\Discuss_55.jpg,Discuss,val
data/input/Fish\Guppy\Guppy_100.jpg,Guppy,val
data/input/Fish\Guppy\Guppy_125.jpg,Guppy,val
data/input/Fish\Guppy\Guppy_78.jpg,Guppy,val
data/input/Fish\Bete\Bete_148.jpg,Bete,val
data/input/Fish\Guppy\Guppy_107.jpg,Guppy,val
data/input/Fish\Gold\Gold_166.jpg,Gold,val
data/input/Fish\Discuss\Discuss_50.jpg,Discuss,val
data/input/Fish\Gold\Gold_18.jpg,Gold,val
data/input/Fish\Cray\Cray_43.jpg,Cray,val
data/input/Fish\Oscar\Oscar_11.jpg,Oscar,val
data/input/Fish\Discuss\Discuss_22.jpg,Discuss,val
data/input/Fish\Oscar\Oscar_95.jpg,Oscar,val
data/input/Fish\Guppy\Guppy_155.jpg,Guppy,val
data/input/Fish\Gold\Gold_101.jpg,Gold,val
data/input/Fish\Gold\Gold_19.jpg,Gold,val
data/input/Fish\Cray\Cray_6.jpg,Cray,val
data/input/Fish\Oscar\Oscar_28.jpg,Oscar,val
data/input/Fish\Bete\Bete_142.jpg,Bete,val
data/input/Fish\Gold\Gold_78.jpg,Gold,val
data/input/Fish\Bete\Bete_106.jpg,Bete,val
data/input/Fish\Bete\Bete_33.jpg,Bete,val
data/input/Fish\Bete\Bete_41.jpg,Bete,val
data/input/Fish\Oscar\Oscar_90.jpg,Oscar,val
data/input/Fish\Guppy\Guppy_188.jpg,Guppy,val
data/input/Fish\Bete\Bete_40.jpg,Bete,val
data/input/Fish\Bete\Bete_79.jpg,Bete,val
data/input/Fish\Discuss\Discuss_144.jpg,Discuss,val
data/input/Fish\Cray\Cray_59.jpg,Cray,val
data/input/Fish\Discuss\Discuss_65.jpg,Discuss,val
data/input/Fish\Bete\Bete_182.jpg,Bete,val
data/input/Fish\Oscar\Oscar_81.jpg,Oscar,val
data/input/Fish\Gold\Gold_170.jpg,Gold,val
data/input/Fish\Bete\Bete_93.jpg,Bete,val
data/input/Fish\Gold\Gold_188.jpg,Gold,val
data/input/Fish\Gold\Gold_138.jpg,Gold,val
data/input/Fish\Discuss\Discuss_131.jpg,Discuss,val
data/input/Fish\Bete\Bete_69.jpg,Bete,val
data/input/Fish\Discuss\Discuss_122.jpg,Discuss,val
data/input/Fish\Cray\Cray_38.jpg,Cray,val
data/input/Fish\Guppy\Guppy_148.jpg,Guppy,val
data/input/Fish\Discuss\Discuss_64.jpg,Discuss,val
data/input/Fish\Bete\Bete_110.jpg,Bete,val
data/input/Fish\Gold\Gold_201.jpg,Gold,val
data/input/Fish\Guppy\Guppy_121.jpg,Guppy,val
data/input/Fish\Bete\Bete_164.jpg,Bete,val
data/input/Fish\Guppy\Guppy_157.jpg,Guppy,val
data/input/Fish\Discuss\Discuss_172.jpg,Discuss,val
data/input/Fish\Bete\Bete_23.jpg,Bete,val
data/input/Fish\Discuss\Discuss_197.jpg,Discuss,val
data/input/Fish\Gold\Gold_58.jpg,Gold,val
data/input/Fish\Guppy\Guppy_26.jpg,Guppy,val
data/input/Fish\Gold\Gold_128.jpg,Gold,val
data/input/Fish\Gold\Gold_20.jpg,Gold,val
data/input/Fish\Discuss\Discuss_32.jpg,Discuss,val
data/input/Fish\Guppy\Guppy_89.jpg,Guppy,val
data/input/Fish\Bete\Bete_151.jpg,Bete,val
data/input/Fish\Bete\Bete_2.jpg,Bete,val
data/input/Fish\Discuss\Discuss_83.jpg,Discuss,val
data/input/Fish\Oscar\Oscar_105.jpg,Oscar,val
data/input/Fish\Gold\Gold_157.jpg,Gold,val
data/input/Fish\Cray\Cray_57.jpg,Cray,val
data/input/Fish\Gold\Gold_8.jpg,Gold,val
data/input/Fish\Discuss\Discuss_4.jpg,Discuss,val
data/input/Fish\Discuss\Discuss_141.jpg,Discuss,val
data/input/Fish\Discuss\Discuss_29.jpg,Discuss,val
data/input/Fish\Gold\Gold_69.jpg,Gold,val
data/input/Fish\Guppy\Guppy_44.png,Guppy,val
data/input/Fish\Bete\Bete_189.jpg,Bete,val
data/input/Fish\Cray\Cray_4.jpg,Cray,val
data/input/Fish\Oscar\Oscar_59.jpg,Oscar,val
data/input/Fish\Bete\Bete_174.jpg,Bete,val
data/input/Fish\Discuss\Discuss_49.jpg,Discuss,val
data/input/Fish\Oscar\Oscar_117.jpg,Oscar,val
data/input/Fish\Guppy\Guppy_68.jpg,Guppy,val
data/input/Fish\Gold\Gold_50.jpg,Gold,val
data/input/Fish\Discuss\Discuss_182.jpg,Discuss,val
data/input/Fish\Bete\Bete_144.jpg,Bete,val
data/input/Fish\Discuss\Discuss_81.jpg,Discuss,val
data/input/Fish\Guppy\Guppy_27.jpg,Guppy,val
data/input/Fish\Cray\Cray_9.jpg,Cray,val
data/input/Fish\Bete\Bete_85.jpg,Bete,val
data/input/Fish\Bete\Bete_163.jpg,Bete,val
data/input/Fish\Oscar\Oscar_97.jpg,Oscar,val
data/input/Fish\Discuss\Discuss_39.jpg,Discuss,val
data/input/Fish\Discuss\Discuss_113.jpg,Discuss,val
data/input/Fish\Guppy\Guppy_55.jpg,Guppy,val
data/input/Fish\Discuss\Discuss_92.jpg,Discuss,val
data/input/Fish\Guppy\Guppy_34.jpg,Guppy,val
data/input/Fish\Bete\Bete_45.jpg,Bete,val
data/input/Fish\Gold\Gold_38.jpg,Gold,val
data/input/Fish\Cray\Cray_49.jpg,Cray,val
data/input/Fish\Oscar\Oscar_101.jpg,Oscar,val
data/input/Fish\Gold\Gold_12.jpg,Gold,val
data/input/Fish\Guppy\Guppy_31.jpg,Guppy,val
data/input/Fish\Bete\Bete_10.jpg,Bete,val
data/input/Fish\Bete\Bete_20.jpg,Bete,val
data/input/Fish\Oscar\Oscar_23.jpg,Oscar,val
data/input/Fish\Discuss\Discuss_117.jpg,Discuss,val
data/input/Fish\Guppy\Guppy_151.jpg,Guppy,val
data/input/Fish\Cray\Cray_77.jpg,Cray,val
data/input/Fish\Bete\Bete_191.jpg,Bete,val
data/input/Fish\Guppy\Guppy_140.jpg,Guppy,val
data/input/Fish\Guppy\Guppy_101.jpg,Guppy,val
data/input/Fish\Oscar\Oscar_18.jpg,Oscar,val
data/input/Fish\Oscar\Oscar_66.jpg,Oscar,val
data/input/Fish\Oscar\Oscar_7.jpg,Oscar,val
data/input/Fish\Oscar\Oscar_129.jpg,Oscar,val
data/input/Fish\Oscar\Oscar_128.jpg,Oscar,val
data/input/Fish\Discuss\Discuss_125.jpg,Discuss,val
data/input/Fish\Bete\Bete_105.jpg,Bete,val
data/input/Fish\Cray\Cray_8.jpg,Cray,val
data/input/Fish\Discuss\Discuss_7.jpg,Discuss,val
data/input/Fish\Discuss\Discuss_79.jpg,Discuss,val
data/input/Fish\Gold\Gold_63.jpg,Gold,val
data/input/Fish\Guppy\Guppy_144.jpg,Guppy,val
data/input/Fish\Guppy\Guppy_102.jpg,Guppy,val
data/input/Fish\Oscar\Oscar_62.jpg,Oscar,val
data/input/Fish\Gold\Gold_109.jpg,Gold,val
data/input/Fish\Gold\Gold_1.jpg,Gold,val
data/input/Fish\Guppy\Guppy_7.jpg,Guppy,val
data/input/Fish\Gold\Gold_206.jpg,Gold,val
data/input/Fish\Guppy\Guppy_103.jpg,Guppy,val
data/input/Fish\Discuss\Discuss_12.jpg,Discuss,test
data/input/Fish\Gold\Gold_14.jpg,Gold,test
data/input/Fish\Oscar\Oscar_72.jpg,Oscar,test
data/input/Fish\Guppy\Guppy_1.jpg,Guppy,test
data/input/Fish\Guppy\Guppy_176.jpg,Guppy,test
data/input/Fish\Guppy\Guppy_49.png,Guppy,test
data/input/Fish\Oscar\Oscar_64.jpg,Oscar,test
data/input/Fish\Guppy\Guppy_13.jpg,Guppy,test
data/input/Fish\Cray\Cray_79.jpg,Cray,test
data/input/Fish\Guppy\Guppy_133.jpg,Guppy,test
data/input/Fish\Bete\Bete_114.jpg,Bete,test
data/input/Fish\Oscar\Oscar_56.jpg,Oscar,test
data/input/Fish\Gold\Gold_10.jpg,Gold,test
data/input/Fish\Oscar\Oscar_15.jpg,Oscar,test
data/input/Fish\Guppy\Guppy_129.jpg,Guppy,test
data/input/Fish\Discuss\Discuss_147.jpg,Discuss,test
data/input/Fish\Gold\Gold_159.jpg,Gold,test
data/input/Fish\Discuss\Discuss_62.jpg,Discuss,test
data/input/Fish\Bete\Bete_78.jpg,Bete,test
data/input/Fish\Oscar\Oscar_113.jpg,Oscar,test
data/input/Fish\Gold\Gold_23.jpg,Gold,test
data/input/Fish\Gold\Gold_81.jpg,Gold,test
data/input/Fish\Oscar\Oscar_118.png,Oscar,test
data/input/Fish\Guppy\Guppy_66.png,Guppy,test
data/input/Fish\Bete\Bete_60.jpg,Bete,test
data/input/Fish\Bete\Bete_143.jpg,Bete,test
data/input/Fish\Oscar\Oscar_45.jpg,Oscar,test
data/input/Fish\Bete\Bete_178.jpg,Bete,test
data/input/Fish\Discuss\Discuss_118.jpg,Discuss,test
data/input/Fish\Bete\Bete_146.jpg,Bete,test
data/input/Fish\Discuss\Discuss_24.jpg,Discuss,test
data/input/Fish\Guppy\Guppy_169.jpg,Guppy,test
data/input/Fish\Discuss\Discuss_14.jpg,Discuss,test
data/input/Fish\Gold\Gold_27.jpg,Gold,test
data/input/Fish\Guppy\Guppy_146.jpg,Guppy,test
data/input/Fish\Discuss\Discuss_45.jpg,Discuss,test
data/input/Fish\Discuss\Discuss_67.jpg,Discuss,test
data/input/Fish\Oscar\Oscar_52.jpg,Oscar,test
data/input/Fish\Discuss\Discuss_123.jpg,Discuss,test
data/input/Fish\Guppy\Guppy_2.jpg,Guppy,test
data/input/Fish\Gold\Gold_73.jpg,Gold,test
data/input/Fish\Bete\Bete_117.jpg,Bete,test
data/input/Fish\Guppy\Guppy_184.jpg,Guppy,test
data/input/Fish\Guppy\Guppy_35.jpg,Guppy,test
data/input/Fish\Cray\Cray_13.jpg,Cray,test
data/input/Fish\Bete\Bete_18.jpg,Bete,test
data/input/Fish\Bete\Bete_181.jpg,Bete,test
data/input/Fish\Oscar\Oscar_135.jpg,Oscar,test
data/input/Fish\Bete\Bete_9.jpg,Bete,test
data/input/Fish\Discuss\Discuss_16.jpg,Discuss,test
data/input/Fish\Discuss\Discuss_128.jpg,Discuss,test
data/input/Fish\Cray\Cray_56.jpg,Cray,test
data/input/Fish\Guppy\Guppy_149.jpg,Guppy,test
data/input/Fish\Gold\Gold_150.jpg,Gold,test
data/input/Fish\Discuss\Discuss_199.png,Discuss,test
data/input/Fish\Bete\Bete_74.jpg,Bete,test
data/input/Fish\Guppy\Guppy_48.png,Guppy,test
data/input/Fish\Oscar\Oscar_67.jpg,Oscar,test
data/input/Fish\Bete\Bete_111.jpg,Bete,test
data/input/Fish\Discuss\Discuss_90.jpg,Discuss,test
data/input/Fish\Bete\Bete_13.jpg,Bete,test
data/input/Fish\Discuss\Discuss_66.jpg,Discuss,test
data/input/Fish\Guppy\Guppy_181.jpg,Guppy,test
data/input/Fish\Bete\Bete_96.jpg,Bete,test
data/input/Fish\Cray\Cray_14.jpg,Cray,test
data/input/Fish\Gold\Gold_137.jpg,Gold,test
data/input/Fish\Oscar\Oscar_9.jpg,Oscar,test
data/input/Fish\Discuss\Discuss_153.jpg,Discuss,test
data/input/Fish\Gold\Gold_56.jpg,Gold,test
data/input/Fish\Cray\Cray_1.jpg,Cray,test
data/input/Fish\Discuss\Discuss_192.jpg,Discuss,test
data/input/Fish\Oscar\Oscar_25.jpg,Oscar,test
data/input/Fish\Gold\Gold_160.jpg,Gold,test
data/input/Fish\Guppy\Guppy_163.jpg,Guppy,test
data/input/Fish\Discuss\Discuss_105.jpg,Discuss,test
data/input/Fish\Discuss\Discuss_94.jpg,Discuss,test
data/input/Fish\Guppy\Guppy_14.jpg,Guppy,test
data/input/Fish\Gold\Gold_87.jpg,Gold,test
data/input/Fish\Oscar\Oscar_138.png,Oscar,test
data/input/Fish\Gold\Gold_117.jpg,Gold,test
data/input/Fish\Bete\Bete_61.jpg,Bete,test
data/input/Fish\Cray\Cray_62.jpg,Cray,test
data/input/Fish\Guppy\Guppy_127.jpg,Guppy,test
data/input/Fish\Gold\Gold_112.jpg,Gold,test
data/input/Fish\Discuss\Discuss_53.jpg,Discuss,test
data/input/Fish\Discuss\Discuss_201.jpg,Discuss,test
data/input/Fish\Bete\Bete_83.jpg,Bete,test
data/input/Fish\Oscar\Oscar_103.jpg,Oscar,test
data/input/Fish\Guppy\Guppy_175.jpg,Guppy,test
data/input/Fish\Bete\Bete_150.jpg,Bete,test
data/input/Fish\Bete\Bete_192.jpg,Bete,test
data/input/Fish\Gold\Gold_74.jpg,Gold,test
data/input/Fish\Gold\Gold_13.jpg,Gold,test
data/input/Fish\Gold\Gold_36.jpg,Gold,test
data/input/Fish\Guppy\Guppy_22.jpg,Guppy,test
data/input/Fish\Guppy\Guppy_73.png,Guppy,test
data/input/Fish\Discuss\Discuss_103.jpg,Discuss,test
data/input/Fish\Gold\Gold_49.jpg,Gold,test
data/input/Fish\Guppy\Guppy_119.jpg,Guppy,test
data/input/Fish\Bete\Bete_152.jpg,Bete,test
data/input/Fish\Oscar\Oscar_20.jpg,Oscar,test
data/input/Fish\Discuss\Discuss_48.jpg,Discuss,test
data/input/Fish\Guppy\Guppy_187.jpg,Guppy,test
data/input/Fish\Gold\Gold_165.jpg,Gold,test
data/input/Fish\Cray\Cray_70.jpg,Cray,test
data/input/Fish\Guppy\Guppy_128.jpg,Guppy,test
data/input/Fish\Discuss\Discuss_13.jpg,Discuss,test
data/input/Fish\Discuss\Discuss_188.jpg,Discuss,test
data/input/Fish\Guppy\Guppy_98.jpg,Guppy,test
data/input/Fish\Oscar\Oscar_89.jpg,Oscar,test
data/input/Fish\Discuss\Discuss_186.jpg,Discuss,test
data/input/Fish\Discuss\Discuss_184.jpg,Discuss,test
data/input/Fish\Discuss\Discuss_132.jpg,Discuss,test
data/input/Fish\Guppy\Guppy_3.jpg,Guppy,test
data/input/Fish\Oscar\Oscar_121.png,Oscar,test
data/input/Fish\Cray\Cray_10.jpg,Cray,test
data/input/Fish\Discuss\Discuss_198.png,Discuss,test
data/input/Fish\Bete\Bete_29.jpg,Bete,test
data/input/Fish\Guppy\Guppy_173.jpg,Guppy,test
data/input/Fish\Gold\Gold_131.jpg,Gold,test
data/input/Fish\Gold\Gold_44.jpg,Gold,test
data/input/Fish\Cray\Cray_58.jpg,Cray,test
data/input/Fish\Gold\Gold_33.jpg,Gold,test
data/input/Fish\Guppy\Guppy_6.jpg,Guppy,test
data/input/Fish\Bete\Bete_171.jpg,Bete,test
data/input/Fish\Guppy\Guppy_59.png,Guppy,test
data/input/Fish\Gold\Gold_66.jpg,Gold,test
data/input/Fish\Bete\Bete_42.jpg,Bete,test
data/input/Fish\Bete\Bete_166.jpg,Bete,test
data/input/Fish\Bete\Bete_99.jpg,Bete,test
data/input/Fish\Oscar\Oscar_30.jpg,Oscar,test
data/input/Fish\Bete\Bete_59.jpg,Bete,test
data/input/Fish\Gold\Gold_171.jpg,Gold,test
data/input/Fish\Cray\Cray_24.jpg,Cray,test
data/input/Fish\Oscar\Oscar_35.jpg,Oscar,test
data/input/Fish\Oscar\Oscar_145.png,Oscar,test
data/input/Fish\Bete\Bete_87.jpg,Bete,test
data/input/Fish\Bete\Bete_179.jpg,Bete,test
data/input/Fish\Gold\Gold_57.jpg,Gold,test
data/input/Fish\Cray\Cray_30.jpg,Cray,test
data/input/Fish\Gold\Gold_174.jpg,Gold,test
data/input/Fish\Cray\Cray_26.jpg,Cray,test
data/input/Fish\Gold\Gold_124.jpg,Gold,test
data/input/Fish\Gold\Gold_200.jpg,Gold,test
data/input/Fish\Discuss\Discuss_6.jpg,Discuss,test
data/input/Fish\Oscar\Oscar_42.jpg,Oscar,test
data/input/Fish\Bete\Bete_132.jpg,Bete,test
data/input/Fish\Gold\Gold_185.jpg,Gold,test
data/input/Fish\Oscar\Oscar_53.jpg,Oscar,test
data/input/Fish\Gold\Gold_130.jpg,Gold,test
data/input/Fish\Gold\Gold_193.jpg,Gold,test
data/input/Fish\Bete\Bete_118.jpg,Bete,test
data/input/Fish\Discuss\Discuss_142.jpg,Discuss,test
